1,Gerry,gfewkes0@zimbio.com,Male,Apt 480,$8373.17
2,Belle,bfoden1@comsenz.com,Female,PO Box 55582,$39855.34
3,Mort,mbuntain2@ask.com,Male,Suite 86,$13992.40
4,Kendall,kbrandle3@reference.com,Male,Suite 45,$72554.75
5,Imojean,idefilippis4@skyrock.com,Female,Room 1626,$28831.47
6,Taite,thurler5@twitter.com,Male,PO Box 82894,$38036.06
7,Barbi,bhartrick6@php.net,Female,Room 1190,$45631.49
8,Thor,tglasard7@irs.gov,Male,Apt 1420,$14114.10
9,Phyllys,pboughtflower8@fema.gov,Female,13th Floor,$10464.30
10,Gris,gmatveichev9@sakura.ne.jp,Male,Room 385,$7469.84
11,Raye,rodalya@google.co.uk,Female,1st Floor,$9746.44
12,Faye,fgeorgeonb@cbsnews.com,Female,15th Floor,$65134.81
13,Meredith,mfleemanc@umn.edu,Female,Room 1370,$36412.41
14,Cornelius,cmorleyd@rediff.com,Polygender,Suite 30,$71874.56
15,Swen,svogeleine@reuters.com,Male,Apt 1811,$58636.33
16,Doe,dteodorof@salon.com,Non-binary,PO Box 64897,$39988.17
17,Trumaine,tdelazenneg@who.int,Male,Suite 82,$6694.08
18,Phineas,ppaikeh@amazonaws.com,Male,PO Box 8885,$33627.72
19,Desi,dhollyari@clickbank.net,Male,Room 1189,$52685.28
20,Mia,mstreetonj@gmpg.org,Female,PO Box 29440,$13146.50
21,Lory,lalfusok@fotki.com,Female,7th Floor,$16043.27
22,Nefen,nwyethl@wikia.com,Male,11th Floor,$45893.90
23,Catherina,cgossanm@w3.org,Female,Room 1721,$64673.74
24,Donnie,dklasn@imageshack.us,Male,Apt 1515,$42543.69
25,Cheslie,corringeo@dyndns.org,Genderfluid,Room 1636,$55401.77
26,Wanids,wradbournp@clickbank.net,Female,Suite 60,$47040.69
27,Tillie,telfittq@imageshack.us,Bigender,Apt 1383,$6705.66
28,Georgetta,gdoldenr@sfgate.com,Female,Room 1870,$41946.87
29,Shae,sgouinlocks@unc.edu,Female,Suite 21,$61318.80
30,Darcy,dcluest@slate.com,Male,PO Box 81255,$67690.84
31,Devonne,dizacenkou@auda.org.au,Female,6th Floor,$69624.53
32,Elka,eyankovv@cyberchimps.com,Female,Apt 1012,$50556.93
33,Stanford,spridmorew@usgs.gov,Male,PO Box 87849,$45024.53
34,Bald,bsparex@usda.gov,Male,Suite 31,$12212.64
35,Jack,jscuttery@disqus.com,Male,PO Box 22334,$8734.52
36,Norrie,nwetheraldz@ucla.edu,Male,10th Floor,$54116.73
37,Antin,ameconi10@hc360.com,Male,Room 284,$22056.21
38,Constantino,cwhitaker11@cafepress.com,Male,7th Floor,$39546.95
39,Fianna,fdorton12@surveymonkey.com,Female,12th Floor,$60328.04
40,Nerty,nnobles13@cpanel.net,Bigender,Suite 69,$16941.00
41,Merci,mbockmann14@cam.ac.uk,Female,8th Floor,$55860.21
42,Beck,bchallenger15@buzzfeed.com,Male,Room 3,$34572.28
43,Emmeline,edopson16@ftc.gov,Female,3rd Floor,$23527.82
44,Hynda,hbradburne17@washingtonpost.com,Female,PO Box 84724,$10182.96
45,Alfi,abagnold18@shareasale.com,Female,PO Box 49071,$43939.77
46,Margarete,msuarez19@w3.org,Female,Apt 177,$61688.46
47,Levy,lmackain1a@hatena.ne.jp,Male,Room 1532,$15962.11
48,Marla,mhudspith1b@biblegateway.com,Female,PO Box 19185,$8861.10
49,Jennica,jthurby1c@dmoz.org,Female,PO Box 1381,$57040.34
50,Winny,wrakestraw1d@blogspot.com,Female,Room 1462,$30433.77
51,Zeke,zgoodbur1e@nasa.gov,Male,Suite 25,$13162.93
52,Brier,bgergely1f@360.cn,Female,Suite 51,$36783.84
53,Early,edeesly1g@elpais.com,Male,1st Floor,$55965.35
54,Rab,rmulloch1h@sogou.com,Male,Suite 11,$28267.04
55,Thibaut,ttomeo1i@unc.edu,Male,PO Box 40700,$53146.08
56,Gloria,gcartmael1j@scribd.com,Female,Room 705,$46695.62
57,Stacee,shawksley1k@networkadvertising.org,Female,PO Box 616,$18560.70
58,Penrod,pspennock1l@w3.org,Male,PO Box 81552,$24206.26
59,Nadeen,nbolderson1m@craigslist.org,Female,Apt 1185,$70804.92
60,Nona,nohoey1n@biglobe.ne.jp,Female,9th Floor,$72625.87
61,Wiatt,wkelley1o@skyrock.com,Male,Apt 316,$42637.99
62,Nicole,nseedman1p@sohu.com,Female,PO Box 77912,$74984.41
63,Padriac,pspataro1q@dailymotion.com,Male,Room 1133,$45883.44
64,Reinaldos,rthorley1r@ftc.gov,Male,Room 122,$58203.04
65,Elden,eworlock1s@mediafire.com,Male,Apt 1483,$39748.06
66,Darcy,drash1t@twitter.com,Male,Suite 13,$41099.53
67,Caryn,cvalance1u@cyberchimps.com,Female,PO Box 78200,$37503.91
68,Blinni,bsturch1v@cbsnews.com,Genderqueer,Room 360,$38989.21
69,Abramo,akinig1w@independent.co.uk,Male,Apt 358,$48658.49
70,Josephine,jkerner1x@soup.io,Female,Suite 39,$49575.14
71,Jacobo,jneilson1y@behance.net,Male,Room 1881,$6036.23
72,Torry,tglasser1z@ca.gov,Male,Suite 36,$18440.75
73,Vanessa,vfandrich20@microsoft.com,Female,Room 965,$35755.31
74,Heath,hvanderweedenburg21@theatlantic.com,Male,Room 1468,$67533.16
75,Bourke,bcragoe22@qq.com,Male,6th Floor,$73549.88
76,Dalston,dsiuda23@rambler.ru,Male,Apt 1128,$15103.80
77,Tab,thaycox24@qq.com,Male,Apt 508,$52699.61
78,Haywood,hcrighton25@cornell.edu,Male,7th Floor,$26580.54
79,Corey,clys26@123-reg.co.uk,Male,PO Box 69403,$42901.87
80,Chan,cphoebe27@xrea.com,Male,Room 891,$74033.33
81,Loydie,lmockler28@vinaora.com,Male,8th Floor,$54647.35
82,Ingeborg,ibenedit29@psu.edu,Female,PO Box 67126,$30589.79
83,Charlton,cogrady2a@flavors.me,Male,Apt 842,$36349.80
84,Ivory,icowe2b@jugem.jp,Female,20th Floor,$31747.87
85,Meade,mkirkham2c@admin.ch,Male,2nd Floor,$31554.57
86,Marwin,mbazell2d@zdnet.com,Male,PO Box 49721,$31288.49
87,Vilhelmina,vscannell2e@adobe.com,Female,Room 140,$55427.14
88,Ron,rstrickler2f@diigo.com,Polygender,Room 694,$21633.54
89,Christiano,ccreeboe2g@nifty.com,Male,4th Floor,$22022.62
90,Juana,jsummerlee2h@techcrunch.com,Female,14th Floor,$51108.69
91,Evelyn,ecolaton2i@behance.net,Female,Suite 25,$55456.51
92,Johanna,jlipmann2j@constantcontact.com,Female,PO Box 63962,$23296.41
93,Niccolo,nkettlewell2k@surveymonkey.com,Male,Room 1027,$7582.31
94,Stuart,swestby2l@shutterfly.com,Male,PO Box 33914,$24520.84
95,Josie,jkirtley2m@blogtalkradio.com,Female,Suite 80,$37497.23
96,Leelah,lasquez2n@geocities.com,Female,15th Floor,$42089.24
97,Marena,msarchwell2o@abc.net.au,Female,12th Floor,$16487.59
98,Major,meddow2p@edublogs.org,Male,Room 1310,$27271.02
99,Anne-corinne,apinnigar2q@topsy.com,Polygender,Room 1672,$21306.80
100,Ferguson,fhardin2r@printfriendly.com,Genderqueer,11th Floor,$51425.25
